"","DL.PF","DL.RFD","DL.Impulse","SL.PF","SL.RFD","SL.Impulse"
"1",895.82494208643,1371.31329967302,569.604318596193,1204.45308053865,3972.01414960402,326.82534169524
